date,TMT,CZK,KZT,LTL,NOK,CHF,BGN,USD,EEK,EUR,DKK,BYR,AZN,ISK,JPY,TJS,SGD,MDL,HKD,GBP,AUD,XDR,KGS,BRL,AMD,ZAR,RON,UZS,TRL,SEK,TRY,CNY,KRW,CAD,HUF,RUR,INR,PLN,BYN,LVL,UAH
2003-01,,,0.203925,,4.56528,22.8271,,31.7844,,33.2719,4.47781,0.0164252,,0.39143300000000003,0.267816,,18.2848,,,50.9631,17.9995,43.0545,,,,,,,1.94044e-05,3.63035,,,,20.1767,,1,,,,,5.9418999999999995
2003-02,,,0.205576,,4.62583,23.4508,,31.8345,,34.429,4.62993,0.0162562,,0.41124499999999997,0.266934,,18.3146,,,52.6447,18.7346,43.6983,,,,,,,1.93171e-05,3.74061,,,,20.8232,,1,,,,,5.94182
2003-03,,,0.20819400000000002,,4.38312,23.2017,,31.5729,,33.9409,4.56797,0.015988699999999998,,0.40431399999999995,0.268158,,18.1631,,,49.8347,19.0984,43.3644,,,,,,,1.97454e-05,3.7184399999999997,,,,21.1303,,1,,,,,5.89454
2003-04,,,0.206202,,4.301769999999999,23.011,,31.3801,,33.9815,4.57416,0.0156963,,0.408329,0.262859,,17.7771,,,49.5052,18.9536,42.7695,,,,,,,1.8361699999999997e-05,3.6784,,,,21.379,,1,,,,,5.85471
2003-05,,,0.204875,,4.419980000000001,22.8507,,31.1021,,34.5513,4.65169,0.015331,,0.413867,0.260334,,17.5174,,,49.6141,19.3922,42.7862,,,,,,,1.9499700000000002e-05,3.78371,,,,21.6062,,1,,,,,5.77205
2003-06,,,0.204125,,4.62116,23.8405,,30.709,,36.4669,4.91148,0.0150078,,0.427404,0.259498,,17.7386,,,50.7159,20.0653,43.4757,,,,,,,2.13702e-05,3.9846600000000003,,,,22.4645,,1,,,,,5.63882
2003-07,,,0.205946,,4.19278,22.4429,,30.3809,,34.7223,4.67319,0.0147152,,0.39802,0.253301,,17.2599,,,50.1771,20.2823,42.5882,,,,,,,2.14176e-05,3.7794199999999996,,,,22.5394,,1,,,,,5.64921
2003-08,,,0.20635799999999999,,4.2024,22.176,,30.2791,,34.3395,4.62058,0.014570399999999999,,0.391962,0.252242,,17.2158,,,48.8493,19.7874,42.3686,,,,,,,2.12336e-05,3.74765,,,,21.6094,,1,,,,,5.64751
2003-09,,,0.206829,,4.0058300000000004,21.5848,,30.5036,,33.2001,4.46795,0.014517200000000001,,0.380249,0.260559,,17.3582,,,48.1316,19.5589,41.8214,,,,,,,2.16261e-05,3.6032800000000003,,,,21.7774,,1,,,,,5.67055
2003-10,,,0.205656,,4.3697099999999995,23.1225,,30.6142,,35.6043,4.79305,0.0144789,,0.40039499999999995,0.276152,,17.7053,,,51.1594,20.833,43.2674,,,,,,,2.19457e-05,3.98596,,,,22.6873,,1,,,,,5.6789700000000005
2003-11,,,0.20292300000000002,,4.24182,22.4527,,29.9451,,34.7992,4.68112,0.0140383,,0.391388,0.275028,,17.2376,,,50.7719,21.1143,43.0569,,,,,,,2.01922e-05,3.8420699999999997,,,,22.7737,,1,,,,,5.5546500000000005
2003-12,,,0.202809,,4.34459,22.9341,,29.7387,,35.5021,4.77109,0.0138432,,0.397258,0.27203299999999997,,17.2378,,,51.0732,21.5308,42.8112,,,,,,,2.02235e-05,3.93296,,,,22.7883,,1,,,,,5.51687
2004-01,,,0.20567,,4.404999999999999,23.7805,,29.4545,,37.0979,4.980639999999999,0.013575100000000001,,0.412297,0.275456,,17.315,,,52.4732,22.1233,43.6109,,,,,,,2.0964099999999998e-05,4.08268,,,,22.7536,,1,,,,,5.474
2004-02,,,0.204323,,4.021520000000001,22.6356,,28.4937,,35.3635,4.74768,0.0131915,,0.410276,0.26906199999999997,,16.761,,,51.7303,21.7321,42.3804,,,,,,,2.10286e-05,3.84816,,,,21.3917,,1,,,,,5.27896
2004-03,,,0.20509799999999997,,4.0498199999999995,22.5188,,28.5156,,35.5076,4.76276,0.0132329,,0.408709,0.261323,,16.7601,,,53.0789,21.9884,42.2136,,,,,,,2.14564e-05,3.8486199999999995,,,,21.2107,,1,,,,,5.2939
2004-04,,,0.205346,,4.150370000000001,22.3859,,28.5151,,34.9082,4.6879,0.013260999999999998,,0.394127,0.273815,,16.9895,,,52.3252,21.6515,42.064,,,,,,,2.1602299999999998e-05,3.7647199999999996,,,,21.8758,,1,,,,,5.2941
2004-05,,,0.209668,,4.22958,22.4089,,28.9612,,34.6289,4.65225,0.0134213,,0.392322,0.262687,,16.99,,,51.3801,20.9129,41.7881,,,,,,,2.01259e-05,3.78949,,,,21.0888,,1,,,,,5.40129
2004-06,,,0.21172000000000002,,4.30736,23.1439,,28.9993,,35.3907,4.75765,0.013446,,0.405528,0.264834,,17.0845,,,53.2543,20.7229,42.5948,,,,,,,1.92622e-05,3.88491,,,,21.2917,,1,,,,,5.43363
2004-07,,,0.21367899999999998,,4.1915,22.9549,,29.0471,,35.0889,4.719189999999999,0.0134428,,0.39834200000000003,0.267198,,16.8987,,,52.3835,20.0164,42.6287,,,,,,,1.94555e-05,3.8449,,,,21.5435,,1,,,,,5.443
2004-08,,,0.213478,,4.14758,22.7341,,29.1019,,35.0532,4.71248,0.013455199999999999,,0.40537500000000004,0.260233,,16.8814,,,52.8345,20.3568,42.3479,,,,,,,1.96767e-05,3.7966299999999995,,,,21.9256,,1,,,,,5.455
2004-09,,,0.21452100000000002,,4.21589,22.9429,,29.2591,,35.3713,4.74716,0.0135205,,0.40513800000000005,0.266963,,17.0806,,,52.6283,20.5282,42.658,,,,,,,1.92368e-05,3.8743499999999997,,,,22.2266,,1,,,,,5.47267
2004-10,,,0.217488,,4.30368,23.1997,,29.2224,,36.0312,4.84055,0.0134572,,0.410312,0.26383500000000004,,17.277,,,52.5886,20.8882,42.9128,,,,,,,1.9416899999999997e-05,3.97416,,,,23.0116,,1,,,,,5.43157
2004-11,,,0.217885,,4.48837,23.9513,,28.7655,,36.6472,4.92847,0.013208399999999999,,0.416168,0.270964,,17.2922,,,52.6466,21.4734,42.9682,,,,,,,1.9482199999999998e-05,4.0472,,,,23.5012,,1,,,,,5.34595
2004-12,,,0.21645199999999998,,4.60051,24.6084,,28.1496,,37.3264,5.0236600000000005,0.0128957,,0.430817,0.273244,,17.1581,,,53.2506,21.8413,43.1156,,,,,,,1.9616399999999997e-05,4.18613,,,,23.6631,,1,,,,,5.25728
2005-01,,,0.21343800000000002,,4.59058,24.5238,,27.7487,,37.8409,5.08497,0.0127492,,0.452744,0.270587,,16.9966,,,53.4967,21.6468,42.9505,,,,,,,,4.19272,20.6925,,,23.0452,,1,,,,,5.1233699999999995
2005-02,,,0.216228,,4.43048,23.611,,28.1136,,36.5899,4.91428,0.0129161,,0.45213299999999995,0.271341,,17.1602,,,52.9745,21.7655,42.7566,,,,,,,,4.01807,20.9647,,,22.6649,,1,,,,,5.28382
2005-03,,,0.212837,,4.449199999999999,23.8676,,27.7007,,36.72,4.9373,0.0128099,,0.45710700000000004,0.2648,,17.0351,,,53.2491,21.914,42.2314,,,,,,,,4.05687,21.4236,,,22.4479,,1,,,,,5.22822
2005-04,,,0.21023499999999998,,4.395580000000001,23.2491,,27.8548,,36.0274,4.8338,0.0129155,,0.45574,0.25984,,16.8684,,,52.2946,21.5234,42.0248,,,,,,,,3.946,20.5192,,,22.9069,,1,,,,,5.32108
2005-05,,,0.211391,,4.41993,23.4269,,27.7726,,36.0072,4.83675,0.012898699999999999,,0.438676,0.263873,,16.9407,,,53.1873,21.7098,42.0349,,,,,,,,3.9278399999999998,19.8376,,,22.2199,,1,,,,,5.46974
2005-06,,,0.21324,,4.3789299999999995,22.6154,,28.1946,,34.9134,4.69292,0.0131016,,0.43449800000000005,0.260218,,16.9256,,,51.2042,21.3151,41.8735,,,,,,,,3.80684,20.535,,,22.3324,,1,,,,,5.5555900000000005
2005-07,,,0.21209,,4.37606,22.3815,,28.6282,,34.6258,4.65197,0.013303800000000001,,0.438881,0.259996,,17.0112,,,51.8199,21.892,41.7726,,,,,,,,3.66511,21.3325,,,23.2996,,1,,,,,5.67558
2005-08,,,0.210728,,4.39389,22.2453,,28.6341,,34.716,4.6524,0.0133166,,0.442021,0.255593,,17.2411,,,50.2872,21.7848,41.5226,,,,,,,,3.68863,21.5294,,,23.259,,1,,,,,5.6852
2005-09,,,0.211038,,4.41233,22.505,,28.5566,,34.879,4.67551,0.0132644,,0.45056199999999996,0.256504,,16.9274,,,50.965,21.3461,41.6946,,,,,,,,3.72914,20.9053,,,23.9388,,1,,,,,5.65612
2005-10,,,0.213347,,4.37181,22.0533,,28.5348,,34.3074,4.59964,0.0132558,,0.454303,0.252074,,16.8845,,,50.2526,21.7378,41.392,,,,,,,,3.6802,21.1369,,,24.3429,,1,,,,,5.59429
2005-11,,,0.212574,,4.40085,22.2402,,28.503,,34.3946,4.60468,0.0132476,,0.466956,0.24624600000000002,,16.8418,,,50.6498,21.4029,41.3909,,,,,,,,3.6043700000000003,21.0899,,,24.1899,,1,,,,,5.54059
2005-12,,,0.21463100000000002,,4.26516,21.9253,,28.7792,,33.9393,4.55115,0.013381800000000001,,0.453931,0.240991,,17.004,,,49.5319,21.2563,41.0527,,,,,,,,3.5623600000000004,21.2001,,,24.6123,,1,,,,,5.66375
2006-01,,,0.215337,,4.260479999999999,21.9563,,28.7825,,34.185,4.58094,0.013363400000000001,,0.454987,0.245291,,17.3076,,,49.7218,21.1292,41.1331,,,,,,,,3.62751,21.3125,,,24.7336,,1,,,,,5.67232
2006-02,,,0.213002,,4.18111,21.8778,,28.1305,,34.0492,4.5571,0.0130756,,0.452113,0.239633,,17.3068,,,49.7769,21.1541,40.6095,,,,,,,,3.6817100000000003,21.1826,,,24.5445,,1,,,,,5.49284
2006-03,,,0.215807,,4.14203,21.2604,,28.1211,,33.3291,4.46537,0.0130665,,0.42414900000000005,0.24184,,17.3053,,,48.897,20.7506,40.3124,,,,,,,,3.52518,21.3832,,,24.6525,,1,,,,,5.50315
2006-04,,,0.215729,,4.22218,21.3221,,27.6996,,33.6273,4.50788,0.0128746,,0.393069,0.235942,,17.1133,,,48.3136,19.8551,39.9046,,,,,,,,3.5779699999999997,20.503,,,23.8543,,1,,,,,5.42258
2006-05,,,0.21917,,4.40306,21.6649,,27.2739,,34.1906,4.5872399999999995,0.0126848,,0.36638800000000005,0.238868,,17.2434,,,49.1448,20.5672,39.9088,,,,,,,,3.6804900000000003,20.6386,,,24.2564,,1,,,,,5.37279
2006-06,,,0.222155,,4.43142,22.2534,,26.9355,,34.7064,4.6495,0.0125603,,0.37493699999999996,0.24049600000000002,,17.0976,,,50.6818,20.5653,40.2314,,,,,,,,3.7459800000000003,17.2996,3.35545,,24.5225,,1,,,,,5.3830100000000005
2006-07,,,0.22770700000000002,,4.32322,21.8528,,26.9423,,34.2383,4.59077,0.012571500000000001,,0.35241700000000004,0.235037,,16.9608,,,49.3745,20.0127,39.5311,,,,,,,,3.70927,16.9342,3.3698900000000003,,24.2855,,1,,,,,5.34824
2006-08,,,0.22661,,4.33478,21.7445,,26.8197,,34.2112,4.58378,0.0125158,,0.369825,0.234664,,16.9939,,,50.0161,20.5627,39.6476,,,,,,,,3.70699,17.9757,3.3657200000000005,,23.7196,,1,,,,,5.32
2006-09,,,0.213213,,4.23834,21.7667,,26.7295,,34.318,4.5981499999999995,0.012478,,0.385318,0.227873,,16.9948,,,50.9732,20.3893,39.731,,,,,,,,3.71233,18.2081,3.35882,,24.1067,,1,,,,,5.290979999999999
2006-10,,,0.21049199999999998,,4.14011,21.4548,,26.7799,,33.9783,4.55774,0.012505200000000001,,0.382297,0.227179,,16.8682,,,50.1829,20.026,39.6251,,,,,,,,3.67074,17.8295,3.38686,,24.0783,,1,,,,,5.29896
2006-11,,,0.209511,,4.07776,21.43,,26.7811,,33.9852,4.55957,0.0125036,,0.391594,0.22782699999999997,,17.1476,,,50.8948,20.6107,39.6933,,,,,,,,3.6917,18.3056,3.39905,,23.7758,,1,,,,,5.28414
2006-12,,,0.205628,,4.22349,21.7981,,26.3081,,34.6899,4.65243,0.0122874,,0.38378,0.226579,,17.05,,,51.3876,20.6703,39.6195,,,,,,,,3.81913,17.9577,3.35242,,23.1178,,1,,,,,5.20303
2007-01,,,0.207609,,4.2040999999999995,21.597,,26.3311,,34.6965,4.65329,0.012290599999999999,,0.370704,0.22162400000000002,,17.1695,,,51.7775,20.87,39.5799,,,,,,,,3.83818,18.6217,3.37155,,22.6894,,1,,,,,5.21987
2007-02,,,0.21032299999999998,,4.21973,21.1524,,26.5484,,34.3802,4.61334,0.0123467,,0.388418,0.21866700000000003,,17.2762,,,52.0614,20.5033,39.6007,,,,,,,,3.79795,18.6435,3.4145899999999996,,22.5006,,1,,,,,5.23823
2007-03,,,0.21000800000000003,,4.25352,21.4136,,26.1481,,34.539,4.632,0.0121718,,0.392437,0.220976,,17.0925,,,51.2189,20.5942,39.3633,,,,,,,,3.73208,18.209,3.37896,,22.3928,,1,,,,,5.16567
2007-04,,,0.210061,,4.274240000000001,21.3821,,26.0113,,34.6861,4.65635,0.0121237,,0.394769,0.220997,,17.1454,,,51.055,20.9937,39.3613,,,,,,,,3.72159,18.6863,3.36455,,22.4758,,1,,,,,5.13966
2007-05,,,0.213842,,4.31081,21.2995,,25.6851,,35.0653,4.70647,0.011947900000000001,,0.400079,0.214938,,16.9371,,,51.3265,21.3315,39.1885,,,,,,,,3.8375500000000002,19.2614,3.32618,,23.0009,,1,,,,,5.082330000000001
2007-06,,,0.211337,,4.2683,21.1464,,25.9043,,34.8128,4.67157,0.012049200000000001,,0.41781100000000004,0.213081,,16.9364,,,51.1584,21.3659,39.167,,,,,,,,3.73859,19.4989,3.38707,,24.1419,,1,,,,,5.13709
2007-07,,,0.21101099999999998,,4.36881,20.9564,,25.8162,,34.715,4.664759999999999,0.0120187,,0.41141399999999995,0.209207,,16.8337,,,51.7382,21.9102,39.0945,,,,,,,,3.7570500000000004,19.6396,3.38973,,24.4056,,1,,,,,5.11465
2007-08,,,0.206631,,4.3819099999999995,21.2201,,25.5448,,35.0015,4.70031,0.0118917,,0.412879,0.214897,,16.8992,,,51.7997,21.9558,39.1035,,,,,,,,3.8087899999999997,19.7822,3.37582,,23.97,,1,,,,,5.07778
2007-09,,,0.202803,,4.4052500000000006,21.3072,,25.6262,,35.0233,4.702920000000001,0.011914300000000001,,0.404709,0.220459,,16.8361,,,51.665,21.0596,39.2258,,,,,,,,3.7298299999999998,19.6144,3.39555,,24.2191,,1,,,,,5.095280000000001
2007-10,,,0.206255,,4.58307,21.2914,,24.9493,,35.3457,4.73925,0.011601,,0.404168,0.21664899999999998,,16.731,,,50.44,22.0227,38.7792,,,,,,,,3.8333399999999997,20.4838,3.3194899999999996,,24.9244,,1,,,,,4.95517
2007-11,,,0.204098,,4.6222,21.3042,,24.6724,,35.6492,4.779059999999999,0.011457499999999999,,0.41038600000000003,0.215141,,17.0225,,,51.1385,22.7726,38.7073,,,,,,,,3.87328,20.7418,3.3053,,25.8838,,1,,,,,4.877129999999999
2007-12,,,0.20202,,4.43617,21.7893,,24.4171,,36.0055,4.82885,0.0113252,,0.397349,0.22102900000000003,,16.872,,,50.4018,21.6653,38.8171,,,,,,,,3.8344,20.6226,3.30756,,24.466,,1,,,,,4.81239
2008-01,,,0.203492,,4.53971,21.7879,,24.5462,,35.9332,4.847099999999999,0.011389699999999999,,0.39286499999999996,0.218441,,16.9694,,,49.0114,21.5246,38.7457,,,,,,,,3.8337899999999996,20.9367,3.36038,,25.0038,,1,,,,,4.82357
2008-02,,,0.203185,,4.50493,22.5605,,24.4262,,36.29,4.87073,0.0113498,,0.378407,0.22920300000000002,,17.2331,,,48.552,21.776,38.8777,,,,,,,,3.84495,20.8842,3.40008,,24.5835,,1,,,,,4.7900100000000005
2008-03,,,0.198601,,4.63115,22.8159,,24.0023,,36.5099,4.89274,0.011176199999999999,,0.365777,0.229139,,17.2171,,,47.707,22.7014,38.4654,,,,,,,,3.88004,20.221,3.3744300000000003,,24.4996,,1,,,,,4.70975
2008-04,,,0.194725,,4.6071100000000005,23.5545,,23.5027,,37.0873,4.97096,0.010944200000000001,,0.301587,0.235569,,17.0297,,,46.7492,21.5379,38.6852,,,,,,,,3.95662,18.0235,3.35044,,22.972,,1,,,,,4.66203
2008-05,,,0.19649899999999998,,4.59492,22.8191,,23.6588,,36.8959,4.93879,0.0110478,,0.317866,0.22783899999999999,,17.363,,,46.5227,22.0926,38.4583,,,,,,,,3.9353900000000004,18.3259,3.3790999999999998,,23.3391,,1,,,,,4.73583
2008-06,,,0.196848,,4.66071,22.649,,23.7384,,36.7827,4.92989,0.0111144,,0.31752800000000003,0.225265,,17.392,,,46.9617,22.7034,38.5367,,,,,,,,3.93998,19.6429,3.41973,,24.0121,,1,,,,,4.93501
2008-07,,,0.193826,,4.6254800000000005,23.0042,,23.4068,,36.971,4.95235,0.011014300000000001,,0.291021,0.22109,,17.1831,,,46.6615,22.5384,38.1514,,,,,,,,3.9132,19.064,3.41331,,23.1957,,1,,,,,4.96359
2008-08,,,0.19483,,4.56405,22.3844,,23.4186,,36.5752,4.9018500000000005,0.0110752,,0.291948,0.216809,,17.1264,,,46.404,22.1423,37.9487,,,,,,,,3.86777,20.0639,3.42818,,22.8742,,1,,,,,5.01576
2008-09,,,0.20550999999999997,,4.5771299999999995,22.4549,,24.5769,,36.2264,4.85959,0.0116368,,0.297487,0.225518,,17.3541,,,44.9364,21.2123,38.6322,,,,,,,,3.83912,20.7838,3.59212,,23.3754,,1,,,,,5.285349999999999
2008-10,,,0.211555,,4.3889000000000005,23.1642,,25.3718,,36.4999,4.90125,0.0120046,,0.25598299999999996,0.24263,,17.791,,,46.0092,20.4776,39.4869,,,,,,,,3.74713,19.7985,3.7065600000000005,,24.212,,1,,,,,5.0052900000000005
2008-11,,,0.226138,,4.02479,23.5267,,27.0981,,34.4092,4.61386,0.0128214,,0.227076,0.279722,,18.2626,,,43.7851,17.7899,40.7401,,,,,,,,3.4792499999999995,17.0621,3.96136,,21.924,,1,,,,,4.52767
2008-12,,,0.22933299999999998,,4.01349,23.0723,,27.606,,35.7166,4.79387,0.012888,,0.19513000000000003,0.289675,,18.3052,,,42.6292,18.1647,41.247,,,,,,,,3.4659999999999997,17.6826,4.04034,,22.3603,,1,,,,,3.74319
2009-01,,,0.242475,,4.1997,27.8752,,29.3916,,41.4275,5.55943,0.0133537,,0.242056,0.325723,,20.4677,,,42.4914,20.3743,45.4926,,,,,,,,3.7979999999999996,19.3239,4.30867,,24.2225,,1,,,,,3.82952
2009-02,,,0.290212,,5.14314,30.6408,,35.4146,,45.6636,6.12243,0.013005699999999999,,0.308114,0.396802,,23.4814,,,50.3631,22.8318,53.2894,,,,,,,,4.29513,21.614,5.1777999999999995,,28.8346,,1,,,,,4.5564
2009-03,,,0.23705400000000001,,5.1286499999999995,30.4237,,35.7205,,45.3543,6.06738,0.0125291,,0.314996,0.36539,,23.1216,,,50.7481,22.9468,52.6056,,,,,,,,3.9531300000000003,21.1039,5.22222,,28.4105,,1,,,,,4.2024099999999995
2009-04,,,0.224651,,5.02329,29.5762,,33.9032,,44.8946,6.03067,0.011946199999999999,,0.276073,0.345282,,22.3033,,,48.3833,23.3051,50.5185,,,,,,,,4.092560000000001,20.0813,4.95936,,27.0274,,1,,,,,4.21158
2009-05,,,0.21861,,5.04707,29.1418,,32.974,,43.9939,5.91059,0.0116681,,0.259812,0.337675,,22.3689,,,49.0323,24.2524,49.4066,,,,,,,,4.129849999999999,20.8564,4.83178,,27.6604,,1,,,,,4.060840000000001
2009-06,,,0.205889,,4.83827,28.6918,,30.9843,,43.378,5.82949,0.0111214,,0.24898,0.320533,,21.4024,,,49.7887,24.5736,47.5659,,,,,,,,4.041040000000001,20.0235,4.53763,,28.0477,,1,,,,,4.05288
2009-07,,,0.206222,,4.85242,28.7234,,31.0385,,43.8512,5.88017,0.0109368,,0.243554,0.32514699999999996,,21.4443,,,51.8436,25.2219,48.1193,,,,,,,,4.03758,20.2153,4.54324,,26.9034,,1,,,,,4.05732
2009-08,,,0.20668299999999998,,5.02602,28.6599,,31.1533,,43.9978,5.90148,0.010931,,0.241845,0.326811,,21.6132,,,51.5649,25.7887,48.3206,,,,,,,,4.2192,21.1567,4.55938,,28.8136,,1,,,,,3.8796100000000004
2009-09,,,0.211097,,5.27637,30.012,,31.8397,,45.4321,6.10916,0.011266700000000001,,0.253652,0.34295200000000003,,22.0634,,,51.5803,26.6594,49.7947,,,,,,,,4.462339999999999,21.1855,4.66092,,29.0058,,1,,,,,3.7657800000000003
2009-10,,,0.198812,,5.1442,29.0135,,30.0087,,43.8877,5.8881,0.0108531,,0.24147,0.33411700000000005,,21.2106,,,48.218,26.3776,47.3405,,,,,,,,4.28188,20.197,4.3954,,27.7755,,1,,,,,3.60898
2009-11,,,0.19267600000000001,,5.13212,28.5044,,29.0488,,43.0678,5.78362,0.0105863,,0.233314,0.31920000000000004,,20.7833,,,48.0264,26.5186,46.1071,,,,,,,,4.14403,19.4554,4.25387,,27.2069,,1,,,,,3.5339199999999997
2009-12,,,0.195486,,5.14992,29.0194,,29.0687,,43.7658,5.873060000000001,0.0104451,,0.238034,0.338264,,21.0125,,,47.9168,26.6182,46.8134,,,,,,,,4.17816,19.1267,4.2575899999999995,,27.522,,1,,,,,3.6267899999999997
2010-01,,,0.20323899999999998,,5.22586,29.2548,,30.1851,,43.4605,5.83964,0.0105395,,0.241259,0.32701500000000006,,21.5239,,,48.6886,27.1304,47.1488,,,,,,,,4.2325800000000005,20.1409,4.42149,,28.7559,,1,,,,,3.7497
2010-02,10.6645,1.6221299999999998,0.205686,12.3143,5.18446,28.9683,21.7381,30.4312,2.71736,42.4637,5.71124,0.010540800000000001,37.798,,0.33761800000000003,6.963500000000001,21.6746,2.40158,,49.2073,27.1903,47.3686,0.688099,16.2734,0.0808266,4.0107,10.2937,0.019967600000000002,,4.15177,20.4099,4.45767,0.026194299999999997,28.6142,0.15667999999999999,1,0.657385,10.4646,,59.9984,3.7896900000000002
2010-03,10.4715,1.5738699999999999,0.203281,11.8191,5.0663,27.8927,20.8525,29.9484,2.6083600000000002,40.8047,5.48254,0.0102178,37.1984,,0.336688,6.85742,21.3004,2.32428,,45.6474,26.8068,45.8983,0.669238,16.58,0.07793989999999999,3.88169,9.92129,0.019480499999999998,,4.22005,19.3628,4.38734,0.0258176,28.4735,0.151018,1,0.6495690000000001,10.3513,,57.5157,3.7332799999999997
2010-04,10.3385,1.5542,0.20069099999999998,11.4631,4.9299,27.6461,20.2385,29.4956,2.52977,39.5713,5.31634,0.009901199999999999,36.6359,,0.316341,6.75343,21.0472,2.38131,,44.4322,26.9914,44.8197,0.6519079999999999,16.4863,0.07328100000000001,4.01202,9.682120000000001,0.0189841,,4.06499,19.3034,4.321070000000001,0.0260688,28.9826,0.148361,1,0.654149,10.2415,,55.8523,3.6999000000000004
2010-05,10.2168,1.52203,0.199042,11.2289,4.9496899999999995,27.0242,19.8271,29.1537,2.47819,38.6986,5.2101999999999995,0.0098426,36.2879,,0.309504,6.67423,21.3471,2.29542,,44.8296,27.145,43.974,0.6443519999999999,16.8616,0.0758224,3.9808399999999997,9.392,0.0186114,,4.03662,19.7251,4.27098,0.0263037,29.081,0.14559,1,0.656689,9.93346,,54.7796,3.65885
2010-06,10.7727,1.48431,0.209579,10.95,4.75955,26.5549,19.3333,30.74,2.41642,37.8133,5.08166,0.0102433,38.2529,,0.336195,7.033199999999999,21.9305,2.3796299999999997,,44.5392,26.0583,45.3209,0.668261,16.9385,0.0810547,4.02198,9.0609,0.0194696,,3.9252200000000004,19.515,4.50165,0.0255714,29.279,0.137379,1,0.660436,9.27412,,53.3681,3.8788600000000004
2010-07,10.9649,1.4823499999999998,0.21180800000000002,11.0713,4.83045,28.8334,19.542,31.2554,2.4431599999999998,38.2097,5.1313200000000005,0.0103529,38.8749,,0.352253,7.13203,22.3381,2.42855,,47.0519,26.7359,46.1061,0.679465,17.2615,0.0852226,4.08744,8.76213,0.0195959,,4.02444,19.7457,4.60369,0.0255746,29.7699,0.133433,1,0.6707890000000001,9.22914,,53.8886,3.94569
2010-08,10.5938,1.59335,0.20435199999999998,11.4236,4.96332,29.0538,20.1676,30.1869,2.52089,39.4694,5.29363,0.0101434,37.5646,,0.34946599999999994,6.88947,22.1767,2.4713000000000003,,47.167,27.1471,45.9339,0.647093,17.1712,0.0814761,4.1164700000000005,9.27059,0.0188016,,4.17442,19.9754,4.45682,0.025508600000000003,29.1802,0.13858,1,0.64953,9.86307,,55.6646,3.82316
2010-09,10.8172,1.57296,0.20948699999999998,11.3082,4.87829,30.2202,19.9618,30.8669,2.49555,39.0127,5.244120000000001,0.0102446,38.4108,,0.36583,7.04434,22.7481,2.53735,,47.569,27.4468,46.5822,0.66167,17.548,0.0849158,4.1883,9.18576,0.0191362,,4.1533,20.1995,4.533250000000001,0.0257275,29.0567,0.136293,1,0.656079,9.75658,,55.0605,3.91364
2010-10,10.693,1.68736,0.206746,12.0133,5.20728,31.1926,21.2114,30.5126,2.6511,41.4392,5.56698,0.010133699999999999,38.003,,0.3661,6.9619,23.1806,2.5640799999999997,,48.3533,29.5423,47.3638,0.654075,17.9433,0.0846397,4.37526,9.70287,0.018832599999999998,,4.53207,21.0026,4.56079,0.026759599999999998,29.555,0.149476,1,0.6846,10.4121,,58.4869,3.8438600000000003
2010-11,10.7875,1.73342,0.20864999999999997,12.3673,5.18741,31.2255,21.8297,30.7821,2.72908,42.7256,5.72562,0.0102198,38.4296,,0.381651,7.019540000000001,23.6931,2.6031400000000002,,48.9774,29.9879,48.3144,0.659367,18.0593,0.0862244,4.38367,10.0017,0.018927700000000002,,4.54375,21.4719,4.611,0.0273716,30.1047,0.15608,1,0.691267,10.7221,,60.1918,3.87172
2010-12,10.9931,1.652,0.212229,11.8971,5.07919,31.4941,21.001,31.3335,2.62508,41.0814,5.51122,0.010334300000000001,39.1767,,0.37321800000000005,7.12157,23.7771,2.56175,,48.7706,30.1554,47.9829,0.668808,18.2352,0.0874017,4.3982399999999995,9.55902,0.0191771,,4.47296,20.896,4.70212,0.0270198,30.7493,0.144885,1,0.681533,10.0715,,57.875,3.93316
2011-01,10.653,1.6163699999999999,0.20582899999999998,11.7251,5.18236,32.3877,20.7015,30.3505,2.5876200000000003,40.4876,5.43079,0.010113500000000001,37.9476,,0.37292499999999995,6.893300000000001,23.6559,2.49891,,47.0008,30.8938,46.7407,0.6443949999999999,18.2878,0.08378329999999999,4.57913,9.45381,0.0185064,,4.51241,19.6126,4.60638,0.027087800000000002,30.3778,0.145232,1,0.677089,10.2176,,57.0284,3.80929
2011-02,10.4586,1.67022,0.20271999999999998,11.7506,5.109,31.6367,20.7432,29.8018,,40.5811,5.44325,0.0098944,37.3972,,0.36297199999999996,6.7688299999999995,23.2101,2.48038,,47.2686,29.617,46.619,0.630459,17.6939,0.0819857,4.1494,9.529869999999999,0.0180525,,4.56034,18.4566,4.51201,0.026574300000000002,29.7572,0.14793599999999998,1,0.64857,10.2807,,57.6326,3.75101
2011-03,10.1438,1.62961,0.197992,11.5759,5.13216,31.1184,20.3498,28.9028,,39.8136,5.33814,0.009561,36.3374,,0.353789,6.5465,22.7295,2.42473,,46.5884,29.3508,45.365,0.608756,17.3768,0.079436,4.13577,9.448139999999999,0.017364,,4.51599,18.008,4.39954,0.0256492,29.6014,0.146166,1,0.638983,10.0371,,56.4949,3.6412999999999998
2011-04,9.99341,1.6476199999999999,0.19567199999999998,11.7095,5.1302,31.0905,20.6729,28.5162,,40.3875,5.42154,0.00936185,35.8514,,0.344794,6.3863199999999996,22.6301,2.3875900000000003,,46.048,29.4515,45.047,0.603584,17.5086,0.0774371,4.20357,9.84641,0.0169969,,4.52322,18.4332,4.35408,0.0260149,29.3648,0.15164999999999998,1,0.638661,10.0764,,57.0096,3.57682
2011-05,9.63806,1.69047,0.18886299999999998,11.8162,5.23851,31.4959,20.8619,27.5022,,40.8078,5.47101,0.00912482,34.7425,,0.337181,6.104,22.4215,2.39618,,45.8242,30.0104,44.5445,0.587183,17.3866,0.0732903,4.15316,10.0208,0.016258400000000003,,4.58286,18.0401,4.23678,0.025670600000000002,28.8858,0.154472,1,0.619977,10.3571,,57.5119,3.4528799999999995
2011-06,9.804649999999999,1.64615,0.19240500000000002,11.6712,5.205769999999999,32.8718,20.5996,27.9805,,40.2444,5.40404,0.00562083,35.4453,,0.34260399999999996,6.13244,22.7207,2.3998,,46.2518,29.9335,44.5724,0.6122890000000001,17.6144,0.07456499999999999,4.06687,9.779630000000001,0.0164419,,4.53647,17.5636,4.31844,0.0259283,28.8221,0.151111,1,0.621375,10.184,,56.7786,3.50655
2011-07,9.76786,1.66862,0.19110499999999997,11.7146,5.2006,33.4485,20.6816,27.8726,,40.4153,5.42279,0.005613819999999999,35.4298,,0.34686799999999995,5.971629999999999,22.6883,2.38891,,44.8805,29.9463,44.5206,0.6165590000000001,17.7804,0.0744759,4.12317,9.59074,0.0162898,,4.42457,17.2266,4.31231,0.0261065,28.8208,0.152409,1,0.623653,10.1562,,57.0108,3.48909
2011-08,9.71044,1.63191,0.18913900000000003,11.4336,5.10383,34.5132,20.1894,27.6796,,39.5182,5.30007,0.00559071,35.1889,,0.356696,5.86532,22.9421,2.43658,,45.1648,30.2704,44.3283,0.6191960000000001,17.6641,0.0739602,4.08326,9.29563,0.0160467,,4.33958,16.4711,4.29687,0.026254000000000003,29.1088,0.146422,1,0.6268739999999999,9.8301,,55.671,3.4612499999999997
2011-09,10.1501,1.73251,0.19733799999999999,12.0855,5.39728,35.4507,21.3411,28.9278,,41.7631,5.6015999999999995,0.00567546,36.8507,,0.377672,6.08699,24.0344,2.56082,,47.1379,30.8775,46.5257,0.647118,18.1218,0.0788223,4.10341,9.88444,0.0166814,,4.55176,16.7561,4.53506,0.0271215,29.5967,0.153341,1,0.6306470000000001,10.0479,,58.8442,3.62005
2011-10,11.2873,1.75989,0.216864,12.5685,5.49951,35.5908,22.1892,32.11,,43.4191,5.83214,0.00569326,40.9828,,0.418781,6.75843,24.7514,2.71199,,49.9471,31.288,50.3241,0.7135429999999999,17.4274,0.0860858,4.01546,9.97174,0.0183843,,4.68219,17.2634,5.03142,0.0271865,30.8217,0.148116,1,0.653506,9.78188,,61.1969,4.015610000000001
2011-11,10.5793,1.70973,0.20384,12.2229,5.4960700000000005,34.5425,21.5792,30.1245,,42.1833,5.6706,0.0035440600000000004,38.3459,,0.381468,6.336930000000001,24.1286,2.61468,,48.1841,31.8386,48.1079,0.66066,18.0117,0.0795892,3.85229,9.75408,0.0171006,,4.67249,17.1523,4.74066,0.027138000000000002,30.1577,0.140644,1,0.6170519999999999,9.740829999999999,,59.9254,3.76321
2011-12,11.0369,1.62606,0.212572,12.0668,5.34442,33.9791,21.3026,31.4001,,41.7559,5.60246,0.0036511699999999996,39.9645,,0.40292700000000004,6.598180000000001,24.1818,2.6448899999999997,,48.8303,31.2431,48.8118,0.670501,17.019,0.0821992,3.71173,9.56183,0.017638300000000003,,4.52771,16.8999,4.92844,0.0273997,30.3383,0.134828,1,0.600356,9.17461,,59.6733,3.91498
2012-01,11.2949,1.61757,0.216874,12.0684,5.36423,34.2366,21.3036,32.1961,,41.6714,5.60615,0.00385582,40.9776,,0.41497799999999996,6.76559,24.7662,2.7518000000000002,,49.6335,32.7209,49.2729,0.6956279999999999,17.2568,0.083735,3.95233,9.66734,0.017936499999999998,,4.66124,16.8258,5.11106,0.0278272,31.5679,0.134268,1,0.604451,9.469159999999999,,59.5893,4.00549
2012-02,10.6868,1.58305,0.204039,11.5747,5.221629999999999,33.1472,20.4335,30.3131,,39.9678,5.3758099999999995,0.00362164,38.5859,,0.397393,6.37111,24.1442,2.57545,,47.728,32.241,46.9071,0.648052,17.3406,0.0783284,3.87953,9.21315,0.0167645,,4.50592,17.0394,4.80109,0.026957000000000002,30.3131,0.13556800000000002,1,0.611521,9.409040000000001,,57.1622,3.7731000000000003
2012-03,10.1825,1.5697800000000002,0.196475,11.3212,5.2252600000000005,32.4305,19.9885,29.0253,,39.1029,5.2575400000000005,0.00359669,36.9702,,0.361079,6.09852,23.278,2.46866,,46.2286,31.3763,45.128,0.624334,17.1241,0.0746152,3.88459,8.99229,0.0158791,,4.43067,16.5887,4.61129,0.025994399999999997,29.2152,0.134744,1,0.592861,9.45788,,55.947,3.63066
2012-04,10.2949,1.58283,0.198371,11.3517,5.14358,32.5255,20.0398,29.3282,,39.1707,5.26926,0.00363423,37.337,,0.35698599999999997,6.1619,23.3338,2.48124,,46.972,30.5307,45.3141,0.626113,16.0905,0.0750082,3.81545,8.95955,0.015909,,4.43225,16.4442,4.6563,0.0258843,29.4253,0.13258699999999998,1,0.5741620000000001,9.43484,,55.9485,3.65165
2012-05,10.2937,1.5668900000000001,0.19871200000000003,11.2704,5.13002,32.3913,19.8975,29.3627,,38.9203,5.23418,0.00364754,37.3952,,0.36579900000000004,6.170450000000001,23.7294,2.5133900000000002,,47.7672,30.7516,45.4949,0.626312,15.5679,0.0748094,3.7914299999999996,8.86154,0.0158191,,4.37173,16.6758,4.65343,0.0259532,29.965,0.135772,1,0.559716,9.335420000000001,,55.6006,3.6547600000000005
2012-06,11.5083,1.5922100000000001,0.222347,11.8314,5.42331,34.002,20.8853,32.9173,,40.8076,5.49638,0.00394219,41.9489,,0.417441,6.90684,25.5867,2.7303,,51.0021,32.0384,49.7571,0.7013349999999999,16.328,0.08112699999999999,3.87303,9.13659,0.017589300000000002,,4.55218,17.8028,5.16625,0.0279204,32.0332,0.13608399999999998,1,0.5835370000000001,9.31235,,58.5092,4.07367
2012-07,11.5127,1.6116700000000002,0.21962099999999998,11.9652,5.48255,34.3848,21.1204,32.8169,,41.323,5.55861,0.00393488,41.8263,,0.41165199999999996,6.88621,25.8441,2.69212,,51.3552,33.3945,49.5732,0.695761,15.8001,0.07850929999999999,3.94795,9.29262,0.017411799999999998,,4.71595,18.076,5.16436,0.0286473,32.0259,0.14352499999999999,1,0.583204,9.7123,,59.3112,4.062250000000001
2012-08,11.2983,1.5642200000000002,0.21467,11.4432,5.32997,32.8933,20.2019,32.2058,,39.5101,5.31168,0.0039037300000000002,41.0474,,0.411655,6.75953,25.8598,2.57235,,50.5663,33.8354,48.5599,0.683069,15.7786,0.07903260000000001,3.9189300000000005,8.659569999999999,0.0169449,,4.73448,17.8971,5.05316,0.0284838,32.1576,0.141754,1,0.577579,9.60822,,56.7403,3.97735
2012-09,11.4258,1.64193,0.21762,11.8017,5.60214,33.9274,20.8321,32.5669,,40.7249,5.4687399999999995,0.0038724,41.5235,,0.41515599999999997,6.835469999999999,26.0306,2.61267,,51.4069,33.5797,49.5121,0.7068340000000001,15.8948,0.07982080000000001,3.8495199999999996,9.137739999999999,0.0169466,,4.87784,17.8743,5.12978,0.0287135,32.8461,0.143255,1,0.584894,9.706399999999999,,58.5104,4.010949999999999
2012-10,10.8461,1.59218,0.205982,11.5781,5.4224,33.0344,20.4369,30.9169,,39.9786,5.36165,0.00366314,39.4097,,0.398979,6.48901,25.2403,2.4953499999999997,,50.2245,32.3298,47.6058,0.658218,15.23,0.07615000000000001,3.7557899999999997,8.82709,0.0159481,,4.7399700000000005,17.2672,4.91634,0.027808199999999998,31.5769,0.140845,1,0.58716,9.69607,,57.413,3.79442
2012-11,11.0066,1.6265399999999999,0.208052,11.7736,5.47077,33.6381,20.7804,31.3743,,40.6548,5.44872,0.00367811,40.008,,0.393828,6.58557,25.6998,2.55697,,50.4593,32.5665,48.2612,0.665621,15.45,0.0772766,3.6301900000000002,8.95002,0.0160383,,4.72142,17.4787,5.02914,0.0287595,31.3963,0.14316399999999999,1,0.580414,9.84107,,58.3817,3.83643
2012-12,10.8059,1.59292,0.204697,11.622,5.43663,33.3056,20.5106,30.811,,40.0759,5.37779,0.00359103,39.2947,,0.373603,6.459739999999999,25.2549,2.4936499999999997,,49.4763,32.1605,47.2795,0.651977,14.6803,0.0759546,3.51175,8.893600000000001,0.0156446,,4.6342799999999995,17.2572,4.948449999999999,0.0284602,31.0407,0.143407,1,0.565184,9.80836,,57.623,3.7621200000000004
2013-01,10.6515,1.6042999999999998,0.20210699999999998,11.6554,5.4532,33.2888,20.5735,30.3727,,40.2286,5.3945099999999995,0.0035337600000000004,38.7407,,0.351516,6.37279,24.8305,2.5101400000000003,,48.9638,31.5481,46.8189,0.640753,14.8631,0.0753665,3.57229,9.08247,0.0153011,,4.66877,16.9651,4.87406,0.028377700000000002,30.5407,0.137967,1,0.5542969999999999,9.86928,,57.6989,3.7590000000000003
2013-02,10.5301,1.58849,0.19898,11.784,5.47539,32.9485,20.8041,30.0161,,40.7138,5.454,0.0034781100000000004,38.3005,,0.33031900000000003,6.30392,24.2417,2.48993,,47.4975,31.2137,46.2443,0.628352,15.104,0.0738403,3.3127400000000002,9.263079999999999,0.0150193,,4.723599999999999,16.9746,4.82628,0.0275605,29.9293,0.138594,1,0.5626789999999999,9.6608,,58.1933,3.69429
2013-03,10.7012,1.5646200000000001,0.202936,11.622,5.36435,32.8231,20.5084,30.5124,,40.1024,5.37834,0.00354178,38.9139,,0.33020299999999997,6.4179900000000005,24.6904,2.48574,,46.3056,31.3515,46.2046,0.641453,15.4626,0.0746024,3.45061,9.182739999999999,0.0153522,,4.74488,16.9513,4.90427,0.0281641,29.8439,0.135698,1,0.564835,9.628400000000001,,57.2788,3.74477
2013-04,10.9045,1.5446300000000002,0.20600000000000002,11.5363,5.32478,32.7194,20.3612,31.0834,,39.8023,5.34152,0.00358104,39.6472,,0.330428,6.53796,25.0774,2.50673,,47.2064,32.3827,46.5636,0.64802,15.3711,0.0741847,3.36218,9.01778,0.015210900000000001,,4.7602400000000005,17.1637,5.00594,0.027977900000000003,30.5969,0.130836,1,0.572596,9.51785,,56.7733,3.8162599999999998
2013-05,10.8752,1.577,0.20531300000000002,11.7575,5.32356,33.1129,20.7481,31.0433,,40.6264,5.44295,0.0035971400000000004,39.6061,,0.31749700000000003,6.5256799999999995,25.1546,2.52487,,48.0892,32.1391,46.8518,0.64443,15.4521,0.0756231,3.45417,9.39681,0.0150294,,4.73329,17.2847,5.035410000000001,0.028175799999999997,30.6631,0.13519399999999998,1,0.572279,9.79006,,57.9815,3.82189
2013-06,11.1435,1.60701,0.209922,11.9978,5.43322,33.2997,21.1676,31.7979,,41.4486,5.55354,0.00365914,40.5689,,0.31613,6.68585,25.1546,2.54332,,48.3264,30.5769,47.5941,0.659297,15.068,0.0761854,3.09749,9.47184,0.0152838,,4.82649,16.8573,5.183120000000001,0.0281375,30.797,0.13975300000000002,1,0.5612550000000001,9.65885,,59.0161,3.9044600000000003
2013-07,11.4347,1.6400400000000002,0.215673,12.3612,5.41423,34.5688,21.8162,32.709,,42.718,5.71976,0.00372116,41.7366,,0.33071100000000003,6.86515,25.8815,2.63156,,49.9139,30.2329,49.1865,0.672459,14.8765,0.079778,3.2829500000000005,9.59546,0.015598,,4.86444,17.0005,5.3259,0.0286449,31.19,0.144794,1,0.549223,9.873520000000001,,60.7974,4.010669999999999
2013-08,11.5905,1.6979600000000001,0.21516400000000002,12.6923,5.550269999999999,35.5767,22.4028,33.033,,43.7786,5.8779699999999995,0.00371366,42.1501,,0.337605,6.92806,25.9469,2.6030699999999998,,50.2498,29.7958,50.0364,0.675874,14.4932,0.0803723,3.35217,9.9638,0.0156517,,5.02961,17.0969,5.38857,0.029408899999999998,32.0242,0.146112,1,0.540948,10.3403,,62.3382,4.0676000000000005
2013-09,11.627,1.71026,0.216899,12.7487,5.452450000000001,35.7422,22.4994,33.2474,,44.0129,5.89985,0.00368801,42.4182,,0.33927599999999997,6.974200000000001,26.1174,2.59462,,51.5966,29.7531,50.4094,0.682548,14.0891,0.08189010000000001,3.21744,9.9101,0.0156311,,5.04528,16.3611,5.43276,0.029954,31.583,0.146765,1,0.498873,10.2978,,62.6364,4.093249999999999
2013-10,11.3979,1.706,0.21120899999999998,12.6935,5.41443,35.8423,22.4104,32.4839,,43.8143,5.87721,0.0035677,41.4494,,0.331943,6.8119,25.8424,2.49563,,52.429,30.2133,49.7858,0.668122,14.3951,0.0800096,3.2018,9.824850000000001,0.0152513,,5.05326,15.9017,5.30869,0.0302316,31.495,0.14655200000000002,1,0.5168889999999999,10.3845,,62.3731,3.9658
2013-11,11.2232,1.7072500000000002,0.208014,12.7305,5.426830000000001,35.6042,22.4683,32.0758,,43.9406,5.8925,0.0034657800000000003,40.9443,,0.32618899999999995,6.72096,25.8843,2.49812,,51.3854,30.4399,49.5103,0.66132,14.6867,0.07916039999999999,3.2249299999999996,9.91892,0.0147306,,4.99966,16.0507,5.26351,0.030233899999999998,30.6067,0.14943,1,0.5225139999999999,10.5167,,62.5381,3.9176499999999996
2013-12,11.6237,1.65136,0.215663,13.082,5.44803,36.6475,23.0882,33.1916,,45.187,6.054869999999999,0.0035499000000000004,42.3741,,0.32475499999999996,6.95243,26.437,2.53178,,54.2484,30.201,50.9561,0.6780719999999999,14.3185,0.08205589999999999,3.25791,10.1824,0.0151352,,5.06309,16.4739,5.44705,0.031351,31.3276,0.150696,1,0.531533,10.7569,,64.2377,4.0443
2014-01,11.458,1.6437000000000002,0.21175999999999998,13.0499,5.37282,36.7613,23.0331,32.6587,,45.0559,6.03918,0.0034233400000000004,41.6884,,0.311228,6.84081,25.8131,2.50354,,53.8542,29.1544,50.2944,0.6631610000000001,13.8261,0.0805393,3.1231400000000002,10.0727,0.0146452,,5.08592,15.4087,5.3960799999999995,0.030934899999999998,30.6885,0.15182,1,0.527796,10.862,,64.2382,3.9634300000000002
2014-02,12.3439,1.7256900000000002,0.22623100000000002,13.8037,5.62439,38.9288,24.3679,35.18,,47.6408,6.38603,0.00364182,44.924,,0.34316899999999995,7.38378,27.59,2.6187899999999997,,57.9661,30.8529,54.0453,0.697797,14.5866,0.0865437,3.14697,10.582,0.0158468,,5.39339,15.5974,5.80432,0.032559,31.4613,0.154072,1,0.562925,11.2576,,,4.1856
2014-03,12.6964,1.8153199999999998,0.196347,14.3756,5.994120000000001,40.7623,25.375,36.1847,,49.5839,6.65025,0.0036942,46.1952,,0.355414,7.60534,28.5526,2.6911899999999997,,60.461,32.4432,55.7736,0.6900749999999999,15.5841,0.08756130000000001,3.37418,11.0353,0.016110700000000002,,5.56234,16.3119,5.8825400000000005,0.0338967,32.5373,0.15992900000000002,1,0.583154,11.9166,,,3.3817500000000003
2014-04,12.4931,1.7847300000000001,0.195537,14.1786,5.92198,40.1367,25.0318,35.6053,,48.968,6.55739,0.00360013,45.4613,,0.345766,7.41484,28.238,2.64527,,59.2579,32.9029,54.9657,0.6534399999999999,15.7309,0.08597199999999999,3.36312,10.9717,0.0156852,,5.47378,16.4489,5.724880000000001,0.0334353,32.2132,0.158988,1,0.594264,11.7389,,,3.16492
2014-05,12.533,1.79728,0.196219,14.2868,5.95974,40.4103,25.2137,35.7227,,49.3188,6.606990000000001,0.0035758499999999998,45.6112,,0.348667,7.34627,28.4281,2.6461300000000003,,60.057,33.1578,55.392,0.662003,15.9754,0.0863911,3.37714,11.0864,0.0156941,,5.43849,16.8067,5.70186,0.0345782,32.5997,0.15989699999999998,1,0.591729,11.7493,,,3.11989
2014-06,12.1865,1.72161,0.189303,13.6963,5.81888,38.7151,24.1771,34.7352,,47.2677,6.336,0.0034459499999999997,44.3447,,0.341731,7.073950000000001,27.6907,2.51431,,58.1571,32.3385,53.5193,0.664528,15.6022,0.08400289999999999,3.3264899999999997,10.74,0.0151257,,5.22177,16.5927,5.56288,0.034049100000000006,32.0465,0.156026,1,0.588583,11.4069,,,2.94366
2014-07,11.8728,1.68204,0.184418,13.3768,5.50595,37.9836,23.6073,33.8434,,46.1827,6.19355,0.00331798,43.2117,,0.333679,6.75517,27.0942,2.41308,,57.615,31.806,52.2583,0.649897,15.4275,0.0830513,3.1957,10.5228,0.0147374,,5.02083,15.9331,5.45474,0.033450400000000005,31.6678,0.149037,1,0.563259,11.11,,,2.88029
2014-08,12.4364,1.72296,0.19364,13.7464,5.65301,38.9835,24.2649,35.4438,,47.4699,6.36528,0.0034344799999999997,45.2609,,0.34458300000000003,7.06812,28.4096,2.5582000000000003,,59.9213,32.9982,54.3417,0.6848810000000001,15.7745,0.0871926,3.31684,10.7503,0.015224,,5.14372,16.627,5.74296,0.0344784,32.4845,0.152217,1,0.587645,11.3975,,,2.89692
2014-09,12.9571,1.7495699999999998,0.20291,14.0928,5.9776299999999996,40.3404,24.8731,36.9316,,48.6315,6.5276700000000005,0.0035409,47.0466,,0.35574399999999995,7.31884,29.5926,2.6346800000000004,,61.3028,34.5569,56.0681,0.697578,16.4873,0.0897487,3.4805,11.0293,0.015888,,5.29766,17.098,6.01002,0.0364307,34.0289,0.15420299999999998,1,0.609936,11.5149,,,2.73567
2014-10,13.8174,1.81508,0.21647099999999997,14.4708,6.11708,41.3911,25.5423,39.3836,,49.9817,6.71125,0.0037119300000000004,50.2855,,0.359815,7.73091,30.9231,2.75699,,64.0535,34.4173,58.5768,0.722367,16.0966,0.0965521,3.49778,11.3357,0.0166358,,5.44145,17.2849,6.4095699999999995,0.037341,35.3089,0.160491,1,0.639396,11.9598,,,3.0412
2014-11,14.7212,1.9015999999999997,0.232011,15.2758,6.25805,43.743,26.9683,41.9627,,52.7219,7.085179999999999,0.00391078,53.5375,,0.377345,8.217189999999999,32.7195,2.86337,,67.1319,36.9943,62.1375,0.7317149999999999,17.4474,0.102074,3.86443,11.9402,0.017602,,5.71076,19.093,6.8645,0.0393519,37.4299,0.171725,1,0.683487,12.5232,,,3.2272799999999995
2014-12,17.3041,2.22041,0.272542,17.7718,7.05406,51.0316,31.3653,49.322,,61.4108,8.24534,0.00453327,62.9911,,0.41713500000000003,9.43366,37.8149,3.28813,,77.3813,41.9138,72.2192,0.8565999999999999,19.4918,0.11367100000000001,4.46992,13.8802,0.0205415,,6.61516,22.2924,8.028319999999999,0.0444783,43.3333,0.199571,1,0.794939,14.6696,,,3.2831
2015-01,19.7304,2.4655899999999997,0.308143,,7.56838,56.8459,34.9562,56.2376,,68.3681,9.181650000000001,0.00387846,71.6951,,0.469998,10.7564,42.5301,3.6043999999999996,,87.5451,46.0642,81.4534,0.955017,21.1618,0.118645,4.864800000000001,15.2492,0.0232157,,7.260680000000001,24.1789,9.06167,0.0516434,48.4932,0.217343,1,0.889906,15.9607,,,3.55525
2015-02,19.4166,2.81194,0.37371099999999996,,8.808159999999999,74.4938,39.9612,68.9291,,78.1105,10.4992,0.0044100499999999996,88.0208,,0.584888,12.4851,51.0472,3.82939,,104.0071,53.5303,97.117,1.1524699999999999,26.4725,0.144809,5.966340000000001,17.5934,0.0282942,,8.33736,28.606,11.0264,0.06295239999999999,54.4636,0.251428,1,1.1130200000000001,18.5438,,,4.32993
2015-03,17.5137,2.49926,0.330663,,8.03196,64.6395,35.1249,61.2718,,68.6857,9.20121,0.00409845,58.4766,,0.513487,11.0769,45.1225,3.3209600000000004,,94.4811,47.8839,86.6494,0.9993120000000001,21.0665,0.128103,5.32752,15.504,0.0248064,,7.3089699999999995,24.5185,9.772839999999999,0.0557711,49.0803,0.226849,1,0.990732,16.5658,,,2.07701
2015-04,16.4738,2.2526599999999997,0.310447,,7.1231800000000005,59.1768,31.6671,57.65,,62.0487,8.29329,0.00392177,54.9833,,0.479897,9.93366,41.9303,3.2027799999999997,,85.1606,43.8774,79.7588,0.902564,17.8516,0.122269,4.72405,14.0575,0.0231619,,6.680110000000001,22.0771,9.29884,0.0519484,45.2725,0.207247,1,0.9209999999999999,15.1647,,,2.45842
2015-05,14.6153,2.09234,0.275236,,6.85295,54.7173,29.3564,51.1388,,57.1578,7.69456,0.00358366,48.764,,0.430371,8.18876,38.6683,2.81756,,79.1168,40.7014,71.4429,0.851313,17.2825,0.107097,4.33736,12.9857,0.020595600000000002,,6.203609999999999,19.2229,8.24394,0.047627699999999995,42.5802,0.189053,1,0.8026810000000001,14.2357,,,2.40653
2015-06,15.1347,2.11755,0.28485499999999997,,6.81508,56.108,29.6826,52.9716,,58.0145,7.7823899999999995,0.0035611199999999997,50.478,,0.427794,8.45584,39.2848,2.92177,,81.0465,40.5127,73.6099,0.9109910000000001,16.76,0.11024300000000001,4.3587299999999995,13.0549,0.0208961,,6.2426,19.8589,8.54629,0.0477493,42.5475,0.187503,1,0.830406,14.0363,,,2.5105
2015-07,15.9775,2.28764,0.299883,,7.0846599999999995,59.9606,31.8802,55.8413,,62.3803,8.358979999999999,0.00365813,53.2684,,0.45722799999999997,8.91464,41.527,2.9569099999999997,,87.7602,42.8582,78.3582,0.899523,17.8721,0.117958,4.56164,13.8985,0.0218557,,6.76955,20.7743,9.005500000000001,0.0500514,45.0115,0.19804,1,0.875667,14.8763,,,2.65911
2015-08,17.2515,2.43989,0.321947,,7.36598,62.5864,33.7486,60.3458,,66.0002,8.845369999999999,0.0039649,57.412,,0.485798,9.64144,43.8623,3.2184399999999997,,93.9403,43.9016,84.1444,0.96092,17.8935,0.126246,4.73672,14.9775,0.023435300000000003,,6.9995400000000005,21.6223,9.71815,0.051498600000000005,46.2988,0.21347000000000002,1,0.941506,15.9106,,,2.85323
2015-09,19.0642,2.76769,0.27856000000000003,,8.01259,69.3073,38.2497,66.7152,,74.8478,10.0257,0.00383862,63.6595,,0.550297,10.6565,47.2119,3.5021099999999996,,102.8215,47.5679,93.941,1.0659100000000001,18.6007,0.13827,5.00065,16.8925,0.025738900000000002,,7.88326,22.8289,10.4586,0.056415,50.3055,0.23778,1,1.0051299999999999,17.6668,,,3.06737
2015-10,18.7818,2.71621,0.242588,,7.795229999999999,67.5258,37.7405,65.7364,,73.776,9.89544,0.00371917,62.7256,,0.547142,10.2505,46.1859,3.2729100000000004,,99.663,46.1272,92.3432,0.954973,16.194,0.13927199999999998,4.75933,16.7136,0.0250902,,7.86283,21.7196,10.3424,0.0555126,49.0241,0.235606,1,0.999869,17.4136,,,3.08549
2015-11,18.3926,2.6136500000000003,0.229859,,7.5008099999999995,65.1495,36.1958,64.3742,,70.7537,9.4929,0.0036901200000000003,61.3497,,0.533186,9.88927,45.9652,3.21871,,98.7436,45.7701,89.6829,0.9302630000000001,16.7275,0.136386,4.66037,15.9619,0.024083100000000003,,7.557869999999999,22.0361,10.189,0.0565644,48.9389,0.22830999999999999,1,0.987865,16.5768,,,2.7928100000000002
2015-12,19.0677,2.61447,0.216996,,7.661320000000001,64.7932,36.1326,66.737,,70.6478,9.473090000000001,0.0036957,63.4865,,0.543218,10.0956,47.2876,3.34437,,100.2857,48.0707,91.6673,0.9138299999999999,17.3505,0.137886,4.63915,15.8697,0.0242642,,7.62944,22.8786,10.4306,0.057630299999999995,49.867,0.226673,1,1.0002499999999999,16.5609,,,2.80998
2016-01,21.45,2.94714,0.213821,,8.277519999999999,73.6517,40.7157,72.9299,,79.6395,10.6727,0.0039041699999999998,46.6871,,0.605806,10.8907,51.6428,3.69921,,108.2426,53.3701,101.1436,0.949237,18.4129,0.151464,4.6813,17.6347,0.0264911,,8.671389999999999,24.9863,11.2304,0.062002,52.5129,0.254315,1,1.1022399999999999,18.7293,,,3.0352
2016-02,22.1193,3.03041,0.206961,,8.71452,73.8359,41.8787,75.1723,,81.9077,10.9744,0.00360971,46.9592,,0.622236,9.57975,52.8452,3.6804099999999997,,107.97,53.4851,103.9189,0.990543,18.4644,0.153727,4.6683900000000005,18.0369,0.0267422,,8.825109999999999,25.3464,11.4277,0.0625472,53.706,0.261469,1,1.10678,18.3957,,,2.95954
2016-03,22.3431,3.06819,0.21701,,8.71165,76.0439,42.4043,75.8994,,83.1023,11.1214,0.00353185,48.4825,,0.6717059999999999,9.67611,53.9672,3.78551,,105.2876,54.1542,105.3863,1.01036,18.991,0.154613,4.7011400000000005,18.5501,0.0266782,,8.870999999999999,25.6226,11.5928,0.0612766,56.0143,0.266407,1,1.10794,18.9967,,,2.80072
2016-04,20.0163,2.8461600000000002,0.19741399999999998,,8.17907,70.4038,39.3637,67.8552,,76.9207,10.3332,0.00336834,44.0018,,0.603345,8.62256,50.3414,3.47085,,97.4469,51.9839,95.4451,0.943678,18.8696,0.141218,4.56344,17.2112,0.0238088,,8.34217,23.9771,10.4916,0.0594689,52.313,0.24523,1,1.02516,18.0447,,,2.5849599999999997
2016-05,19.0167,2.70707,0.196618,,7.93896,66.7844,37.4314,64.3334,,73.3015,9.836310000000001,0.0033472099999999998,42.7266,,0.600994,8.17295,47.8885,3.26565,,93.9782,49.0735,90.9327,0.945107,18.4516,0.13447599999999998,4.526120000000001,16.3507,0.022191600000000002,,7.98389,22.9361,9.92263,0.0563547,51.3558,0.234725,1,0.9676009999999999,16.6086,,,2.55291
2016-06,19.5689,2.71617,0.19654,,7.877039999999999,66.5418,37.5384,65.9962,,73.4406,9.87302,0.00333483,44.3195,,0.594319,8.39113,47.7922,3.31556,,96.2687,47.7219,92.7794,0.9662890000000001,18.5086,0.138096,4.16432,16.2942,0.0222584,,7.91872,22.3156,10.0228,0.055398,50.5021,0.233685,1,0.9812099999999999,16.7563,,,2.62358
2016-07,19.08,2.63273,0.189448,,7.65434,65.5789,36.4882,64.1755,,71.2926,9.59433,,41.3769,,0.624184,8.185649999999999,47.5621,3.23792,,86.4701,47.7466,89.5807,0.9509449999999999,19.781,0.134399,4.34696,15.7935,0.0218062,,7.57555,22.2368,9.659749999999999,0.055599499999999996,49.5564,0.22547799999999998,1,0.9501850000000001,16.1273,31.8884,,2.5846
2016-08,19.9587,2.74913,0.190273,,7.8362,68.5805,38.0324,67.0512,,74.3799,9.998990000000001,,41.8808,,0.645934,8.52526,49.6051,3.3968000000000003,,88.3534,50.275,93.2226,0.9922150000000001,20.3822,0.140569,4.741210000000001,16.6574,0.022729199999999998,,7.763070000000001,22.2436,10.0753,0.0596732,50.885,0.23816299999999999,1,0.9998319999999999,17.0367,33.618,,2.70368
2016-09,18.6759,2.6912,0.19169899999999998,,7.83609,66.3482,37.1794,65.2535,,72.6859,9.77083,,39.9813,,0.6321479999999999,8.31255,47.8644,3.3123600000000004,,85.7888,49.1098,91.0834,0.947089,20.153,0.137376,4.5201,16.3109,0.021823899999999997,,7.64791,22.0787,9.77127,0.0585469,49.8423,0.234788,1,0.974151,16.6838,33.3096,,2.50013
2016-10,18.165,2.62439,0.188946,,7.8878200000000005,65.4714,36.2594,63.396,,70.9338,9.51849,,38.8147,,0.627373,8.070780000000001,46.4304,3.21318,,82.1359,48.257,88.6466,0.9331919999999999,19.4448,0.133676,4.53885,15.9067,0.021061800000000002,,7.377889999999999,21.0968,9.50422,0.0575799,48.1659,0.229405,1,0.95182,16.4306,32.9415,,2.44348
2016-11,18.0394,2.56366,0.188664,,7.664669999999999,63.9335,35.4258,63.2174,,69.2863,9.31407,,38.1149,,0.602271,8.03271,45.4279,3.1521999999999997,,77.0304,48.1211,86.7159,0.920865,19.7191,0.132949,4.60098,15.3821,0.020378399999999998,,7.025329999999999,20.3415,9.337050000000001,0.055271799999999996,47.2442,0.223569,1,0.947496,15.9886,33.2111,,2.47911
2016-12,18.6784,2.5645,0.19091999999999998,,7.64316,64.2804,35.4806,65.2382,,69.3417,9.328,,37.2088,,0.578712,8.258,45.7812,3.2160800000000003,,81.4499,48.7982,88.2086,0.9433419999999999,18.9102,0.135743,4.6582099999999995,15.3578,0.0207105,,7.11772,19.0895,9.47321,0.055715600000000004,48.5439,0.22309,1,0.9531480000000001,15.6368,32.9652,,2.54837
2017-01,17.3553,2.36083,0.181637,,7.02837,59.4151,32.6183,60.6569,,63.8111,8.58118,,33.6665,,0.518324,7.68295,41.922,3.05269,,74.5595,43.8064,81.2857,0.874012,18.6367,0.125195,4.45156,14.0722,0.0189257,,6.667350000000001,17.2023,8.72824,0.05044,44.971,0.205113,1,0.893656,14.4445,30.9474,,2.23826
2017-02,17.1917,2.38405,0.18574300000000002,,7.23934,60.4356,32.936,60.0851,,64.285,8.66067,,31.063,,0.528662,7.6009,42.3642,3.00726,,75.1484,45.3943,81.3787,0.869113,19.2149,0.123632,4.44663,14.3162,0.018459299999999998,,6.81855,15.8808,8.73114,0.051649900000000006,45.8385,0.207329,1,0.886335,14.8692,31.0598,,2.2163399999999998
2017-03,16.5845,2.2718,0.18537700000000001,,6.92398,57.5312,31.3821,57.9627,,61.3883,8.258790000000001,,32.8531,,0.515614,7.21378,41.337,2.9127,,72.065,44.5038,78.4085,0.836982,18.6435,0.119142,4.45244,13.5999,0.0173385,,6.411020000000001,16.057,8.438790000000001,0.0513233,43.9878,0.199267,1,0.868583,14.2215,30.7658,,2.13333
2017-04,16.0116,2.21249,0.178432,,6.52548,55.983,30.5946,55.9606,,59.8107,8.04725,,32.6301,,0.500162,6.7058800000000005,40.0319,2.87125,7.20232,69.7605,42.849,76.1019,0.8156699999999999,17.7703,0.115741,4.15588,13.1582,0.0155749,,6.26651,15.3599,8.12035,0.0500309,41.9558,0.19380299999999998,1,0.8628239999999999,14.1805,29.8935,,2.0707
2017-05,16.3067,2.30526,0.181226,,6.67195,57.3393,31.737,56.9838,,62.044,8.34585,,33.4707,,0.511823,6.4828,40.8135,2.96945,7.32449,73.6231,42.6125,78.016,0.847437,17.9054,0.117614,4.28343,13.6944,0.0153802,,6.4416899999999995,16.0238,8.2614,0.0501278,41.7464,0.199265,1,0.887633,14.7188,30.4401,,2.14669
2017-06,16.1761,2.39745,0.181531,,6.714149999999999,58.159,32.4003,56.6876,,63.4107,8.51971,,33.3065,,0.511367,6.430809999999999,40.9741,3.10872,7.27931,72.5771,42.2436,78.2623,0.832417,17.4006,0.117123,4.32895,13.8645,0.0147397,,6.49662,16.0139,8.31038,0.0506587,42.1626,0.205811,1,0.8783329999999999,15.1908,30.3548,,2.1548100000000003
2017-07,16.9918,2.58487,0.183719,,7.092239999999999,61.9768,34.6477,59.3862,,67.8072,9.11488,,34.89,,0.530116,6.73695,43.1272,3.2810099999999998,7.60825,77.1902,45.5908,82.5842,0.8583310000000001,17.9724,0.123608,4.53849,14.8532,0.0150079,,7.01782,16.8711,8.75954,0.0518596,45.7204,0.21904800000000002,1,0.916843,16.0179,30.6193,,2.28058
2017-08,17.1855,2.70324,0.18218399999999998,,7.5760000000000005,61.9912,36.0049,60.0633,,70.4603,9.46997,,35.3127,,0.542577,6.81376,44.2684,3.31475,7.69115,78.791,47.8885,84.4214,0.868594,19.1736,0.125419,4.60245,15.4424,0.0147563,,7.38287,17.0291,8.9259,0.0536167,48.1508,0.230902,1,0.936587,16.5482,30.8809,,2.32308
2017-09,16.7536,2.66594,0.173291,,7.48777,60.757,35.5942,58.5454,,69.6222,9.35993,,34.4182,,0.529895,6.64157,43.0703,3.29833,7.48136,75.4884,46.245,83.0314,0.8486069999999999,18.5247,0.122544,4.49364,15.1688,0.014002700000000002,,7.340560000000001,16.9128,8.87428,0.0519577,46.3542,0.22761299999999998,1,0.9150579999999999,16.3316,30.2638,,2.2767
2017-10,16.5772,2.63103,0.170075,,7.3025,59.8051,35.0069,58.0169,,68.4483,9.19954,,34.1236,,0.516096,6.59658,42.7318,3.29174,7.42721,77.8529,45.5201,81.9042,0.8440049999999999,18.2311,0.12129799999999999,4.30284,14.8849,0.0071901,,7.1415999999999995,16.3276,8.73656,0.0507493,46.6862,0.220086,1,0.8876510000000001,15.8911,29.5357,,2.1815
2017-11,16.6051,2.63854,0.17363900000000002,,7.11636,58.3572,34.5981,58.1179,,67.6434,9.09371,,34.187,,0.514067,6.60543,42.7275,3.3449199999999997,7.449769999999999,76.7737,44.6287,81.5696,0.845167,17.6715,0.12045199999999999,4.137980000000001,14.7164,0.0071944999999999995,,6.957559999999999,15.4012,8.76881,0.051997100000000004,45.2667,0.21754,1,0.89792,15.9441,29.4417,,2.16373
2017-12,16.7567,2.72478,0.176847,,7.06123,59.4072,35.5039,58.5814,,69.5185,9.33048,,34.4901,,0.5214880000000001,6.64791,43.4419,3.41682,7.501399999999999,78.8974,44.3813,82.9794,0.840479,18.0467,0.121036,4.29334,14.953,0.00723595,,7.00793,14.8657,8.861740000000001,0.053840200000000005,45.4789,0.222574,1,0.908661,16.5498,29.0755,,2.1565000000000003
2018-01,16.4807,2.69305,0.173184,,7.00664,58.9743,35.2252,57.6002,,68.8668,9.253789999999999,,33.8228,,0.511479,6.52634,43.0881,3.3654800000000002,7.37056,77.6739,44.957,81.8326,0.834786,17.3887,0.119009,4.68538,14.7822,0.00709358,,6.99915,15.239,8.84497,0.054011899999999995,45.9258,0.22205200000000003,1,0.9013760000000001,16.511,29.1013,,2.04955
2018-02,16.0755,2.7604800000000003,0.17416,,7.306870000000001,60.3027,35.7291,56.184,,69.9322,9.39139,,32.9912,,0.516896,6.37368,42.9312,3.3653199999999996,7.1853,79.7026,45.4697,81.7567,0.820804,17.6613,0.11685499999999999,4.74003,15.0241,0.0068720299999999995,,7.15993,14.9557,8.936539999999999,0.052690600000000004,45.7413,0.225024,1,0.8824939999999999,16.8342,28.3829,,2.0181
2018-03,16.13,2.70471,0.17596299999999998,,7.13318,59.8579,35.1789,56.3742,,68.9062,9.23955,,33.1126,,0.5261,6.39272,42.5498,3.3787399999999996,7.20041,78.2361,43.9775,81.8176,0.8272079999999999,17.3374,0.117263,4.78473,14.7538,0.006898779999999999,,6.83531,14.7933,8.9025,0.0520475,44.1389,0.218886,1,0.863245,16.4625,28.7697,,2.10351
2018-04,16.3848,2.7826899999999997,0.17982900000000002,,7.31091,60.0828,36.0974,57.2649,,70.5618,9.472629999999999,,33.6358,,0.539294,6.48725,43.717,3.4800899999999997,7.29619,80.4915,44.1169,83.2443,0.835685,17.3267,0.119426,4.84176,15.1607,0.00703586,,6.8657200000000005,14.4692,9.12719,0.053935000000000004,44.5156,0.22597699999999998,1,0.879443,16.7853,29.329,,2.1761299999999997
2018-05,17.7395,2.95349,0.189546,,7.7893,62.7591,38.447,61.9997,,75.2056,10.0942,,36.2614,,0.56857,6.974410000000001,46.8346,3.74168,7.90057,85.4852,47.0268,89.1432,0.899354,17.9397,0.128284,5.0291,16.1332,0.0076844999999999995,,7.16039,15.3381,9.789480000000001,0.05806,48.3504,0.240449,1,0.930647,17.8673,31.0542,,2.36369
2018-06,17.745,2.8169899999999997,0.188281,,7.602670000000001,62.8166,37.137,62.0188,,72.5806,9.75921,,36.4495,,0.569816,6.89075,46.4004,3.64709,7.902500000000001,82.6897,47.0351,87.7057,0.906045,16.6552,0.128403,4.969060000000001,15.6207,0.0077696399999999995,,7.06735,13.8605,9.68862,0.0576163,48.3012,0.22790600000000003,1,0.9184910000000001,16.8763,30.8398,,2.37483
2018-07,17.9561,2.8173500000000002,0.183843,,7.7017,63.0655,37.3129,62.7565,,72.9921,9.7927,,36.883,,0.566983,6.83995,46.0362,3.72885,7.99721,82.3491,46.3582,88.1679,0.9208580000000001,16.2464,0.13019999999999998,4.5664299999999995,15.659,0.00797247,,7.0115099999999995,13.769,9.475109999999999,0.0563028,47.4673,0.221899,1,0.9166219999999999,16.7436,31.5359,,2.38527
2018-08,17.8397,2.8555599999999997,0.17957599999999999,,7.672110000000001,63.0942,37.3844,62.3497,,73.0738,9.81468,,36.644,,0.559843,6.62238,45.7915,3.7673499999999995,7.94365,82.021,46.2759,87.4928,0.9148890000000001,16.7184,0.129693,4.7353700000000005,15.7979,0.00800189,,7.12495,12.6931,9.13442,0.0556935,47.7739,0.227454,1,0.90849,17.0742,31.4374,,2.3199899999999998
2018-09,19.4692,3.0875399999999997,0.187126,,8.177760000000001,70.4105,40.6358,68.0447,,79.4966,10.6585,,40.1089,,0.614704,7.2205200000000005,49.7403,4.05997,8.66944,88.533,49.3256,95.4177,0.985441,16.3955,0.140879,4.6431,17.1022,0.00869333,,7.473739999999999,10.3626,9.96466,0.0610622,52.2818,0.2438,1,0.959423,18.5262,32.6745,,2.4086600000000002
2018-10,18.767,2.96884,0.180626,,8.03974,67.1484,38.9655,65.5906,,76.2294,10.2217,,38.6623,,0.578273,6.959210000000001,47.9884,3.8811,8.38358,85.7925,47.3499,91.9613,0.948664,16.3441,0.135798,4.636889999999999,16.3372,0.00811865,,7.40167,10.9398,9.53227,0.059186300000000004,50.4078,0.235379,1,0.9041060000000001,17.8522,31.093,,2.32056
2018-11,18.7686,2.87186,0.17775300000000002,,7.79997,65.3218,38.0776,65.5962,,74.4189,9.98071,,38.6656,,0.579958,6.95981,47.355,3.8304400000000003,8.36068,83.5958,46.4749,90.6644,0.941122,17.7464,0.134777,4.47136,15.9594,0.00796375,,7.15748,11.914,9.406229999999999,0.0575807,49.9666,0.229237,1,0.8879349999999999,17.1817,30.9562,,2.3348
2018-12,19.0368,2.91635,0.178169,,7.771240000000001,66.7739,38.7093,66.5335,,75.7484,10.1469,,39.2181,,0.586534,7.063,48.5611,3.8817700000000004,8.5066,85.0498,48.6426,92.0365,0.9525199999999999,17.2689,0.136971,4.84959,16.2483,0.00801695,,7.31958,12.8801,9.581579999999999,0.0593106,50.0139,0.233919,1,0.953646,17.6524,31.2217,,2.35508
2019-01,19.8771,3.08834,0.18056999999999998,,7.973940000000001,70.5787,40.6451,69.4706,,79.4605,10.6459,,40.9494,,0.629976,7.365730000000001,50.8383,4.09084,8.87191,88.2832,48.9351,96.619,0.994568,17.8988,0.143238,4.81438,17.0501,0.00833278,,7.74883,13.176,10.0997,0.0621911,50.9614,0.247288,1,0.993395,18.4826,32.0732,,2.50706
2019-02,18.7003,2.91997,0.171867,,7.77781,65.8582,38.4389,65.3577,,75.2006,10.0727,,38.525,,0.6014050000000001,6.93083,48.5859,3.82768,8.3307,85.9192,47.5608,91.3171,0.936357,17.7361,0.133985,4.90353,15.8701,0.00779704,,7.25206,12.5391,9.74819,0.0587379,49.7963,0.238384,1,0.918803,17.5646,30.406,,2.35499
2019-03,18.8525,2.92647,0.17573799999999998,,7.70466,66.101,38.3547,65.8895,,74.9691,10.0553,,38.8385,,0.594939,6.98352,48.8613,3.83636,8.39389,87.5606,47.0649,92.0944,0.945466,17.6709,0.134441,4.72184,15.8251,0.007848520000000001,,7.1125,12.3829,9.8544,0.058648200000000004,50.0262,0.237158,1,0.925668,17.3718,30.8212,,2.45673
2019-04,18.5221,2.81406,0.170498,,7.49478,64.9816,37.1505,64.7347,,72.723,9.73425,,38.1578,,0.5843010000000001,6.859310000000001,47.7782,3.72896,8.24667,84.2522,45.8969,89.8576,0.927431,16.5931,0.132994,4.43519,15.2633,0.00771802,,6.97257,11.4546,9.63214,0.0569818,48.2052,0.22655899999999998,1,0.935168,16.9148,30.4305,,2.38008
2019-05,18.4925,2.82073,0.169558,,7.47573,63.4948,37.0084,64.6314,,72.3096,9.69553,,38.0969,,0.580591,6.85381,47.4742,3.62812,8.23855,83.8592,45.5781,89.3458,0.92562,16.3806,0.13422900000000001,4.51085,15.2128,0.0076528099999999995,,6.80904,10.8518,9.592929999999999,0.055430999999999994,48.0388,0.22408,1,0.926416,16.8764,30.6906,,2.44839
2019-06,18.7077,2.82172,0.170928,,7.4515199999999995,65.0193,37.2767,65.3834,,72.8436,9.76294,,38.5402,,0.600757,6.92988,47.4859,3.57971,8.33557,82.5531,45.2649,90.0382,0.934155,16.4206,0.136145,4.43034,15.3443,0.007707210000000001,,6.84528,11.1462,9.472150000000001,0.0549187,48.3248,0.224438,1,0.935954,16.9995,31.1884,,2.4333
2019-07,18.0474,2.82369,0.16575900000000002,,7.40619,64.7328,36.7167,63.0756,,71.8179,9.62149,,37.1798,,0.585878,6.6852800000000006,46.6363,3.4896599999999998,8.07947,79.9105,44.2286,87.6827,0.906649,16.5141,0.13214499999999998,4.45786,15.1741,0.007368779999999999,,6.80677,10.9495,9.18238,0.054611400000000004,48.1787,0.221804,1,0.915067,16.8836,30.8831,,2.41161
2019-08,18.1451,2.7561299999999997,0.164966,,7.236020000000001,64.019,36.1455,63.4172,,70.7355,9.46794,,37.3812,,0.58414,6.72148,46.3102,3.56276,8.10247,77.1026,43.7135,87.231,0.9088160000000001,16.7297,0.13317299999999999,4.47249,14.9386,0.00734135,,6.628189999999999,11.4598,9.210519999999999,0.0536193,48.2444,0.21604299999999999,1,0.9207909999999999,16.4759,31.1648,,2.53276
2019-09,19.0242,2.83599,0.171686,,7.3089699999999995,67.3109,37.5245,66.4897,,73.3847,9.844199999999999,,39.1923,,0.624874,6.865219999999999,47.8963,3.73958,8.47672,80.9446,44.6678,91.0783,0.954626,15.9478,0.139596,4.36723,15.519,0.00707337,,6.78778,11.3784,9.30446,0.0549983,49.9622,0.221677,1,0.929601,16.7485,31.6768,,2.6458500000000003
2019-10,18.4952,2.73507,0.166503,,7.12059,65.0898,36.1404,64.6407,,70.7169,9.468250000000001,,38.1024,,0.599191,6.670869999999999,46.7496,3.6489199999999995,8.244150000000001,79.5533,43.6195,88.1861,0.924469,15.5375,0.135657,4.25343,14.8787,0.00685116,,6.591209999999999,11.4307,9.05484,0.053916200000000004,48.826,0.211234,1,0.914199,16.1675,31.1266,,2.67497
2019-11,18.2474,2.79041,0.164083,,6.95321,64.569,36.3928,63.7748,,71.1918,9.52844,,37.3651,,0.58711,6.57811,46.8794,3.6421900000000003,8.13734,82.5565,44.113,87.7962,0.911655,15.9925,0.13391,4.23722,14.9597,0.00674152,,6.62203,11.1651,9.0651,0.0548061,48.4574,0.21614899999999998,1,0.900107,16.7046,31.099,,2.56843
2019-12,18.3353,2.75929,0.165875,,6.981260000000001,64.178,36.0719,64.0817,,70.5475,9.4428,,37.7729,,0.5850339999999999,6.61318,46.8879,3.66391,8.187050000000001,82.7167,43.4282,87.9778,0.915453,15.2962,0.13406200000000001,4.36188,14.7382,0.00673835,,6.70872,11.1388,9.11948,0.054276200000000004,48.2398,0.21005600000000002,1,0.8919440000000001,16.3232,30.4022,,2.67341
2020-01,17.7126,2.73019,0.161665,,7.03834,63.8994,35.472,61.9057,,69.3777,9.28776,,36.4902,,0.569746,6.3898,45.9958,3.59917,7.95029,81.3069,43.3835,85.6051,0.8869790000000001,15.4006,0.129239,4.40839,14.5005,0.00651121,,6.629300000000001,10.4148,8.88696,0.0535535,47.4446,0.209637,1,0.868255,16.3017,29.3545,,2.61205
2020-02,18.0654,2.7575,0.16653700000000002,,6.8523,65.0577,35.5971,63.1385,,69.5976,9.31645,,37.2169,,0.579119,6.512479999999999,46.33,3.62033,8.12667,82.964,42.3217,86.8729,0.9035639999999999,14.8778,0.131951,4.25261,14.5736,0.00660215,,6.53506,10.5572,9.10209,0.0529512,47.7562,0.206537,1,0.88485,16.2002,29.5495,,2.5229600000000003
2020-03,19.1676,2.9079699999999997,0.17554099999999997,,7.10086,69.4278,37.7626,66.9909,,73.7235,9.88387,,39.4877,,0.615414,6.9191199999999995,48.0497,3.7944400000000003,8.59508,86.2307,43.8321,91.7548,0.9586950000000001,14.932,0.139914,4.28714,15.3441,0.0070501900000000004,,6.92942,10.749,9.58341,0.0554638,49.8481,0.21734799999999999,1,0.9307519999999999,17.0551,29.9347,,2.7257000000000002
2020-04,22.2411,3.15383,0.17427800000000002,,7.3776600000000006,80.7191,43.7979,77.7325,,85.7389,11.476,,45.933,,0.714027,7.62457,54.2673,4.300549999999999,10.0279,94.5771,47.1448,105.7869,0.972264,15.4738,0.157194,4.44059,17.7184,0.008154300000000001,,7.8,12.0661,10.9611,0.0637831,55.2941,0.24212,1,1.03457,18.9301,30.1979,,2.75213
2020-05,20.8087,2.91693,0.171298,,7.0401,74.829,40.4372,72.7263,,79.1189,10.6035,,42.8684,,0.6819799999999999,7.09698,51.5899,4.0743,9.38259,90.6679,47.5848,99.1936,0.9094150000000001,13.6291,0.151668,4.0178899999999995,16.3305,0.007187099999999999,,7.38593,10.4119,10.313,0.0602832,52.3814,0.223904,1,0.9683280000000001,17.3966,30.1832,,2.6979800000000003
2020-06,20.2438,2.90801,0.17164300000000002,,7.248659999999999,73.4475,40.1612,70.752,,78.5489,10.5366,,41.7047,,0.6595390000000001,6.90432,50.0616,4.04876,9.12576,87.0603,47.0642,96.6161,0.95947,13.0903,0.146212,4.0309,16.2175,0.0069781999999999995,,7.471089999999999,10.3762,9.90079,0.0571992,51.385,0.225045,1,0.935638,17.6364,29.3516,,2.62872
2020-07,20.1549,2.94795,0.174099,,7.239230000000001,74.0318,40.4301,70.4413,,78.9929,10.6113,,41.4604,,0.654264,6.8339799999999995,50.4594,4.10605,9.088849999999999,86.5724,48.2946,97.1928,0.926665,13.0358,0.146204,4.06627,16.3255,0.006924079999999999,,7.530530000000001,10.2761,9.95806,0.058543,51.4997,0.221472,1,0.932713,17.7068,29.2106,,2.64194
2020-08,21.0089,3.3293,0.174086,,8.11374,80.7946,44.5547,73.4261,,87.2889,11.7064,,43.2172,,0.70187,7.11838,53.5605,4.41927,9.47421,96.3277,52.8154,103.3149,0.956287,14.2428,0.150958,4.34922,18.0311,0.00719321,,8.47016,10.5231,10.5204,0.061700000000000005,54.718,0.252823,1,0.981379,19.7653,30.089,,2.65196
2020-09,21.117,3.3489400000000002,0.175623,,8.38633,81.6234,44.852,73.8039,,87.8266,11.7852,,43.4396,,0.697118,7.153270000000001,54.2237,4.4469,9.522960000000001,98.1813,54.2459,104.6827,0.940231,13.6955,0.151579,4.426019999999999,18.127,0.00719135,,8.53145,10.0563,10.7682,0.062139400000000004,56.4379,0.247839,1,1.0025,19.9626,27.7866,,2.67537
2020-10,22.5421,3.4021999999999997,0.18199500000000002,,8.33454,85.4776,47.2274,78.7847,,92.4302,12.4057,,46.3712,,0.745749,7.634180000000001,57.5365,4.64396,10.1656,101.0729,56.1262,110.8721,0.989419,13.9883,0.161809,4.65345,18.9623,0.007672839999999999,,8.76135,10.1077,11.5671,0.0673506,58.7946,0.25329,1,1.06791,20.391,30.0739,,2.78337
2020-11,22.6988,3.3880299999999997,0.183154,,8.300790000000001,86.5884,47.3371,79.3323,,92.6284,12.431,,46.6935,,0.7603610000000001,7.66866,58.0849,4.65292,10.2329,102.5449,55.7706,112.0164,0.971067,13.7274,0.160868,4.85905,18.9922,0.007656820000000001,,8.89904,9.525400000000001,11.8403,0.0698695,59.532,0.251749,1,1.06296,20.0532,30.0946,,2.78971
2020-12,21.8025,3.4819899999999997,0.179066,,8.6199,84.4414,46.6568,76.1999,,91.2037,12.2622,,44.8499,,0.7315659999999999,6.72698,56.9761,4.41739,9.83085,101.6507,56.2584,108.6054,0.898313,14.2587,0.14993800000000002,4.98687,18.7269,0.00735449,,8.98128,9.74822,11.5754,0.06879859999999999,58.7011,0.252707,1,1.02993,20.3623,29.4583,,2.67321
2021-01,21.1375,3.4605400000000004,0.17525200000000002,,8.64478,83.7973,46.4218,73.8757,,90.7932,12.2032,,43.4819,,0.716058,6.521800000000001,55.8945,4.2951,9.53013,100.8477,56.9065,106.401,0.8935460000000001,14.2233,0.141457,5.04719,18.6414,0.00705128,,9.01869,9.99739,11.2956,0.0679164,57.9599,0.248752,1,1.01108,19.8393,28.5234,,2.60711
2021-02,21.8177,3.54071,0.179782,,8.839870000000001,85.7254,47.2007,76.2527,,92.2963,12.4125,,44.8809,,0.728784,6.69177,57.2769,4.41533,9.8355,104.2832,58.3333,109.7017,0.8989199999999999,14.0137,0.146852,5.02013,18.9274,0.00728993,,9.11917,10.3836,11.8024,0.068132,59.3083,0.257258,1,1.04515,20.3438,29.0431,,2.7094
2021-03,21.2982,3.4567300000000003,0.17825500000000002,,8.7339,82.3057,46.2631,74.4373,,90.3743,12.1665,,43.8124,,0.7020399999999999,6.53245,56.1198,4.26575,9.596639999999999,103.8251,58.3737,107.6847,0.878764,13.458,0.141047,5.0114,18.5592,0.0070633499999999995,,8.95713,10.1546,11.5232,0.06632510000000001,59.0678,0.250432,1,1.01836,20.0397,28.5879,,2.66296
2021-04,21.6416,3.3971400000000003,0.17780100000000001,,8.860980000000001,80.3114,45.4114,75.6373,,88.7452,11.9428,,44.5187,,0.683665,6.63369,56.2526,4.17309,9.73002,104.1299,57.6129,107.1697,0.891882,13.1012,0.14291399999999999,5.10242,18.0385,0.00722076,,8.68117,9.08698,11.5385,0.067005,60.0439,0.244251,1,1.03055,19.0484,28.8483,,2.71942
2021-05,21.4149,3.5000500000000003,0.174178,,9.110009999999999,82.2654,46.295,74.8451,,90.585,12.1771,,44.0524,,0.6876300000000001,6.562479999999999,56.3593,4.22615,9.63927,104.1694,58.1546,107.6078,0.882325,14.0201,0.143761,5.206580000000001,18.375,0.00712193,,8.91024,9.09407,11.5657,0.0672396,60.9637,0.251737,1,1.01059,19.8433,29.2398,,2.69783
2021-06,20.9718,3.50349,0.170912,,8.757259999999999,81.3953,45.6989,73.2965,,89.3778,12.0186,,42.8484,,0.668063,6.46639,55.4478,4.1598500000000005,9.44518,103.8978,56.7022,105.8893,0.8761990000000001,14.0275,0.14075200000000002,5.3336,18.1665,0.00692741,,8.8309,8.64142,11.5219,0.06615,60.7312,0.256672,1,1.01027,19.9419,28.9732,,2.66893
2021-07,20.8078,3.3943199999999996,0.16977799999999998,,8.484820000000001,78.8244,44.2195,72.7234,,86.5118,11.6311,,42.8036,,0.658309,6.37645,54.0855,4.03514,9.365779999999999,100.6346,54.5862,103.761,0.8586889999999999,14.6714,0.146806,5.0837699999999995,17.5495,0.0068572699999999995,,8.546040000000001,8.36661,11.2545,0.0644348,58.5912,0.24591100000000002,1,0.977268,19.1342,28.749,,2.67074
2021-08,20.9267,3.41379,0.171891,,8.3591,80.7182,44.4856,73.1388,,86.9913,11.6992,,43.0481,,0.667873,6.41287,54.1088,4.08597,9.40982,102.2042,54.1154,104.4049,0.862352,14.3917,0.150569,5.02248,17.6843,0.00688365,,8.55705,8.69107,11.329,0.063722,58.8405,0.24340699999999998,1,0.983544,19.0258,29.2006,,2.7271799999999997
2021-09,20.9666,3.3942300000000003,0.17175200000000002,,8.46246,80.1291,44.3089,73.2781,,86.666,11.6542,,43.1301,,0.6670440000000001,6.46476,54.5305,4.156560000000001,9.41624,100.9479,53.6982,104.2454,0.864871,14.1341,0.148622,5.04066,17.5584,0.00687852,,8.52388,8.819759999999999,11.3367,0.0632946,58.208,0.24881799999999998,1,1.00237,19.0953,29.2726,,2.72558
2021-10,20.7909,3.3039700000000005,0.170653,,8.26895,77.8573,43.1088,72.6642,,84.305,11.3396,,42.7688,,0.649483,6.4106,53.3981,4.1286499999999995,9.331,97.6462,52.3473,102.7138,0.8561320000000001,13.4173,0.148037,4.80082,17.0465,0.00679619,,8.27705,8.179590000000001,11.2442,0.0613467,57.1349,0.233982,1,0.978708,18.223,29.0065,,2.7288699999999997
2021-11,20.1774,3.2051600000000002,0.16494,,8.43349,77.3415,42.0488,70.52,,82.2898,11.0561,,41.5068,,0.620283,6.27123,52.4273,4.04369,9.06986,97.2118,53.1791,99.68,0.8313630000000001,12.4894,0.147624,4.6173,16.6168,0.006601139999999999,,8.27544,7.34384,11.0188,0.0602954,57.092,0.228154,1,0.940643,17.7959,29.1501,,2.68152
2021-12,21.4285,3.31581,0.170443,,8.29817,81.3608,43.411,74.8926,,84.8234,11.4173,,44.0804,,0.6619759999999999,6.63353,54.7661,4.2311,9.60211,99.8843,53.3685,104.7029,0.882884,13.3684,0.153902,4.645770000000001,17.1505,0.00694284,,8.29578,5.83507,11.7547,0.0629188,58.5922,0.23160699999999998,1,0.9971720000000001,18.1796,29.4331,,2.74319
2022-01,21.2568,3.37234,0.16899999999999998,,8.42568,80.9376,42.9487,74.2926,,84.0695,11.2956,,43.7273,,0.6450969999999999,6.5803899999999995,54.8852,4.185499999999999,9.526399999999999,100.0573,53.9141,103.9792,0.875906,13.0253,0.155164,4.64948,16.9719,0.00685504,,8.21512,5.78432,11.6503,0.062448300000000005,58.023,0.22747599999999998,1,0.998422,18.296,29.1458,,2.7258400000000003
2022-02,22.166,3.54214,0.178379,,8.65038,83.2297,44.2839,77.4702,,86.5032,11.6386,,45.5975,,0.671523,6.8588,57.2158,4.3039000000000005,9.93488,104.1432,54.57,107.7401,0.913279,14.4327,0.160394,4.9814,17.5153,0.00716311,,8.25944,5.81259,12.1789,0.0640771,60.8803,0.241973,1,1.03701,18.8735,29.8444,,2.71136
2022-03,26.7694,4.18215,0.188393,,10.4927,101.0683,53.4592,93.5589,,104.4772,14.0504,,55.067,,0.809718,8.28688,68.8743,5.08472,11.9737,125.0415,67.3624,130.4436,1.10069,18.1182,0.19524,6.08375,21.1342,0.00863067,,9.81669,6.778060000000001,14.8243,0.0777626,73.2646,0.280932,1,1.2392699999999999,22.2151,33.9264,,3.10053
2022-04,23.8313,3.78682,0.177349,,9.54115,90.1921,47.3085,83.4097,,92.493,12.4297,,49.1455,,0.685343,6.435930000000001,61.5797,4.55169,10.6529,109.5586,62.5573,115.3056,0.8736320000000001,17.5555,0.17231100000000002,5.709239999999999,18.6925,0.0074902400000000004,,8.93257,5.68163,13.1569,0.0686788,66.5999,0.250438,1,1.10055,19.8415,28.3398,,2.82427
2022-05,20.2925,3.03611,0.158362,,7.52282,73.2959,38.0742,71.0237,,74.5589,10.0063,,41.7786,,0.5467569999999999,5.68417,51.2881,3.83177,9.06724,88.3464,50.7677,95.1675,0.865073,14.1744,0.156695,4.47002,15.1844,0.00635286,,7.2721,4.80114,10.8518,0.056552,55.3618,0.199069,1,0.930508,15.9898,26.7671,,2.34698
2022-06,17.602,2.6834599999999997,0.144147,,6.54912,64.0937,33.9058,61.6069,,62.7397,8.9142,,36.2394,,0.480553,5.40411,44.9784,3.23052,7.865049999999999,77.9204,44.2769,83.1169,0.7558199999999999,13.0487,0.137518,3.9630099999999997,13.382,0.00559509,,6.286099999999999,3.76317,9.40696,0.049793,48.655,0.167725,1,0.793543,14.4255,23.9111,,2.0778
2022-07,15.0035,2.23248,0.11291000000000001,,5.27529,54.9464,28.237,52.5123,,54.6405,7.4238100000000005,,30.8896,,0.384339,4.97379,37.7298,2.7462299999999997,6.70484,63.6502,36.1757,69.9926,0.660532,10.0473,0.128956,3.2313099999999997,11.0729,0.00483528,,5.13849,3.14745,8.28897,0.0404439,40.7768,0.138194,1,0.670945,11.6381,20.4623,,1.77865
2022-08,17.5172,2.52346,0.128055,,6.32545,64.3608,31.7291,61.3101,,62.5695,8.336409999999999,,36.0648,,0.460978,5.97192,44.476,3.17146,7.824160000000001,74.2711,42.96,80.7405,0.737131,11.7574,0.15037699999999998,3.71381,12.6642,0.0056206,,6.04863,3.42121,9.21636,0.0471943,47.7679,0.155051,1,0.767238,13.1901,23.4276,,1.6755099999999998
2022-09,17.211,2.45892,0.128687,,6.05754,61.6504,30.9043,60.2386,,60.2141,8.12673,,35.4345,,0.434591,5.8774,43.1818,3.10957,7.6884,70.0635,41.5767,78.5638,0.74646,11.9016,0.14882199999999998,3.5382399999999996,12.3675,0.0055113,,5.64635,3.3132399999999995,8.72611,0.0450348,46.0681,0.148415,1,0.7549389999999999,12.7419,23.5804,,1.6319500000000002
2022-10,15.7996,2.1736899999999997,0.115957,,5.11102,56.6469,27.4422,55.2987,,52.7379,7.21746,,32.5286,,0.38205500000000003,5.41083,38.5626,2.82829,7.05701,61.0166,35.9552,70.5545,0.689707,10.257,0.136321,3.0904,10.957,0.00502076,,4.9717,2.98581,8.15532,0.038665,40.3434,0.129031,1,0.683404,11.1216,22.2952,,1.4978
2022-11,17.6065,2.52098,0.131955,,5.93452,61.6722,31.3523,61.6229,,61.1196,8.23957,,36.2488,,0.415697,6.03271,43.667,3.18802,7.865080000000001,71.4333,39.5619,79.2113,0.7379600000000001,11.5286,0.15585000000000002,3.36599,12.4523,0.00551165,,5.60621,3.3122,8.39469,0.0432654,45.261,0.148682,1,0.7436820000000001,12.9776,24.8851,,1.6684999999999999
2022-12,17.3944,2.59319,0.129967,,6.14537,64.0441,32.2664,60.8803,,63.0504,8.48612,,35.8119,,0.438619,5.96281,44.3669,3.14242,7.8182,73.0685,40.7776,80.0119,0.720919,11.471,0.154178,3.58655,12.8486,0.00542945,,5.76562,3.2677199999999997,8.53746,0.0461634,44.8375,0.154699,1,0.744108,13.5223,25.0279,,1.6484400000000001
